customer_id,customer_name,email,registration_date,customer_type
1,Allison Hill,donaldgarcia@example.net,2025-11-01,VIP
2,Javier Johnson,jesseguzman@example.net,2024-05-11,VIP
3,Meredith Barnes,zlawrence@example.org,2024-03-12,REGULAR
4,Gina Moore,curtis61@example.com,2024-12-23,REGULAR
5,Renee Blair,dudleynicholas@example.net,2024-10-05,VIP
6,Lisa Hensley,janetwilliams@example.org,2024-09-29,PREMIUM
7,Dr. Sharon James,xreid@example.org,2025-02-02,REGULAR
8,Michael Miles,lynchgeorge@example.net,2024-07-22,VIP
9,James Mayo,gabriellecameron@example.org,2024-06-27,VIP
10,Renee Morales,clarksherri@example.net,2024-11-07,VIP
11,Jonathan Wilkerson,ithomas@example.org,2025-11-26,PREMIUM
12,Nicole Patterson,icox@example.net,2025-08-12,VIP
13,Anthony Rodriguez,laurahenderson@example.org,2025-02-24,REGULAR
14,Zachary Rice,frazierdanny@example.net,2024-08-25,REGULAR
15,Gina Carter,shawnmckay@example.net,2024-08-20,PREMIUM
16,Pamela Romero,harrellkenneth@example.net,2025-09-03,REGULAR
17,Brittany Farmer,georgetracy@example.org,2025-01-21,PREMIUM
18,Sandra Parker,allenashley@example.org,2023-11-18,PREMIUM
19,Rose Spence,davidalvarez@example.net,2024-03-20,PREMIUM
20,Shane Henderson,sarahcampos@example.net,2024-05-15,REGULAR
21,Jennifer Powers,samuel87@example.org,2024-07-27,VIP
22,George Chapman,briannasmith@example.net,2026-03-14,PREMIUM
23,Austin Johnson,chad34@example.net,2025-07-31,PREMIUM
24,Carlos Walls,esanchez@example.com,2024-04-28,VIP
25,Matthew Gomez,uowens@example.org,2026-05-19,PREMIUM
26,Maria Brown,lauren13@example.org,2024-04-28,VIP
27,Brenda White,ewright@example.com,2025-11-08,VIP
28,Matthew Fernandez,novaksara@example.org,2024-03-22,PREMIUM
29,John Hancock,martinaaron@example.com,2024-08-22,REGULAR
30,Rachel Mitchell,smoore@example.org,2023-10-06,PREMIUM
31,Kimberly Adkins,williamsthomas@example.net,2024-03-08,VIP
32,Jordan York,larsonemma@example.org,2025-03-26,REGULAR
33,Steve Sanchez,harveyrobert@example.net,2025-12-02,REGULAR
34,Taylor Harris,john62@example.net,2026-04-05,VIP
35,Eugene Walton,smithchristine@example.net,2023-12-10,VIP
36,Daniel Baker,nicole35@example.com,2024-03-09,VIP
37,Joshua Turner,contrerasangela@example.net,2023-12-15,VIP
38,Brandy Wilson,newtoneric@example.com,2026-02-01,PREMIUM
39,Grant Watts,william40@example.org,2026-03-19,VIP
40,Donald Smith,danagreen@example.net,2025-05-24,REGULAR
41,Jessica Smith,landryhannah@example.org,2025-11-01,REGULAR
42,Jacob Tran,tanderson@example.com,2023-09-07,REGULAR
43,Christine Wright,gomezanita@example.com,2026-02-26,PREMIUM
44,Tammy Young,theresacochran@example.com,2023-08-15,REGULAR
45,Tim Patton,vpham@example.org,2024-08-25,VIP
46,Michael Reyes,garrisonjeffrey@example.com,2025-01-01,PREMIUM
47,Robert Perez,kellerraymond@example.com,2023-10-23,PREMIUM
48,Diana May,ifrazier@example.com,2023-08-19,VIP
49,Wesley White,benjamin96@example.com,2024-11-06,PREMIUM
50,William Wilson,jonathanfletcher@example.org,2025-09-22,VIP
51,Kimberly Ball,michaeljones@example.net,2024-12-01,PREMIUM
52,Mary Martinez,william65@example.com,2026-06-25,PREMIUM
53,Cameron Fisher,lbyrd@example.net,2025-12-08,PREMIUM
54,Joshua Smith,jason99@example.net,2024-11-19,REGULAR
55,Jeremy Lewis,yleon@example.net,2024-03-27,REGULAR
56,Diane Beck,clarence34@example.org,2024-05-12,REGULAR
57,Angel Riggs,gibsonolivia@example.net,2024-05-05,REGULAR
58,Janet Ross,dianasmith@example.org,2025-04-28,PREMIUM
59,Robert Dominguez,pwilliams@example.org,2025-06-16,PREMIUM
60,John Schmidt,stephanie79@example.net,2025-08-30,PREMIUM
61,Terry Griffin,juliawells@example.com,2024-07-26,VIP
62,Destiny Strickland,rsims@example.com,2023-11-05,REGULAR
63,Cynthia Rogers,taylorjesse@example.net,2024-03-01,REGULAR
64,Amy Russell,nperry@example.com,2025-03-04,VIP
65,Lauren Dominguez,wwoods@example.com,2025-03-04,VIP
66,Tiffany Barnes,tracynelson@example.com,2023-08-22,PREMIUM
67,Michael Yates,marycalhoun@,2025-10-14,PREMIUM
68,James Elliott,millerroy@example.com,2024-04-15,VIP
69,James Lewis,matthew64@example.com,2024-08-02,VIP
70,Julie Curry,cookemichael@example.net,2023-10-22,VIP
71,Marissa Webster,jamessmith@example.org,2024-07-12,VIP
72,Michael Elliott,stevenscott@example.com,2024-03-24,REGULAR
73,Tracey Higgins,tamirodriguez@example.org,2024-11-03,REGULAR
74,Susan Brooks,charlesvaughn@example.net,2024-07-19,VIP
75,Raymond Jefferson,hoganashlee@example.org,2024-12-28,VIP
76,Mary Jones,alexander67@example.org,2025-05-11,REGULAR
77,Madison Poole,ryangross@example.net,2024-08-30,PREMIUM
78,Tamara Hampton,ugraham@example.net,2024-08-27,PREMIUM
79,David Michael,nicole37@example.net,2026-02-10,REGULAR
80,Gabrielle Snyder,hunter35@example.com,2024-12-17,REGULAR
81,Kyle Beard,blackjames@example.org,2025-03-30,PREMIUM
82,Peter Vaughn DDS,bwest@example.org,2024-10-07,VIP
83,Michael Torres,thomas85@example.com,2025-11-08,REGULAR
84,Michael Nelson,jerry35@example.org,2025-10-17,VIP
85,Melissa Lee,lhill@example.net,2026-01-20,VIP
86,Brian Lee,michaelturner@example.net,2025-10-14,PREMIUM
87,Angel Brown,heidi27@example.org,2023-07-27,VIP
88,Julie Alexander,tammyking@example.com,2024-01-01,VIP
89,Jennifer Jones,hernandezlisa@example.com,2023-11-17,PREMIUM
90,Bailey Duran DDS,kimberlyjames@example.com,2024-10-11,VIP
91,Wanda Torres,lynchjody@example.org,2026-03-05,PREMIUM
92,Matthew Moore,andreamoore@example.com,2025-06-06,PREMIUM
93,Julie Johnson,jasmine71@example.net,2024-07-04,REGULAR
94,Rachel Weber,ronaldstephens@example.net,2024-02-24,REGULAR
95,Samantha Jones,lauralarson@example.net,2024-09-28,REGULAR
96,John Torres,gbender@example.net,2025-08-13,REGULAR
97,Kyle Preston,cassandra01@example.org,2026-05-20,VIP
98,Laura Sampson,barbara27@example.net,2026-04-15,REGULAR
99,Donald Shea,fwalters@example.org,2025-07-07,PREMIUM
100,Gary Santiago,marksteele@example.com,2026-05-02,REGULAR
101,Robin Pierce,qmiller@example.com,2024-01-04,PREMIUM
102,Jennifer Robertson,sandovalamy@example.com,2023-09-30,REGULAR
103,Isaiah Avila,nwolf@example.com,2025-11-07,VIP
104,Dwayne Gilmore,omartinez@example.net,2024-07-13,REGULAR
105,Emily Smith,hdavis@example.com,2024-01-06,PREMIUM
106,Brittany Cantu,william46@example.com,2025-07-10,REGULAR
107,Juan Reyes,michellehill@example.com,2024-12-16,PREMIUM
108,Katie Hoover,jessica99@example.net,2025-08-06,PREMIUM
109,Jill Washington,andrea86@example.com,2024-11-18,REGULAR
110,Veronica Allen,xhall@example.com,2023-09-13,VIP
111,John Mcintyre,qhughes@example.net,2024-02-29,PREMIUM
112,Andrew Shaw MD,sawyerscott@example.net,2025-06-16,REGULAR
113,Charles Pitts,charlesharrington@example.com,2024-12-14,REGULAR
114,Jennifer Miller,melissa86@example.com,2026-03-07,REGULAR
115,Olivia Brennan,williamsonjimmy@example.net,2024-09-26,PREMIUM
116,Nicole Hamilton MD,wallaceheather@example.org,2023-09-17,REGULAR
117,Anthony Howard,hthomas@example.com,2025-12-03,VIP
118,Catherine Thompson,pharvey@example.com,2025-12-29,VIP
119,Joel King,elizabeth74@example.net,2025-11-03,REGULAR
120,Jeremy Reed,danielle64@example.com,2024-10-19,REGULAR
121,James Webb,patrickhoward@example.com,2026-06-28,PREMIUM
122,William Barrett,alan09@example.net,2025-08-17,PREMIUM
123,Stephanie Parsons,catherinegomez@example.net,2024-04-28,REGULAR
124,Megan Le,courtneyberger@example.net,2023-09-07,PREMIUM
125,Jeremiah Riley,christopherphillips@example.net,2025-04-13,PREMIUM
126,Carlos Ryan,alyssa42@example.com,2025-07-25,VIP
127,Elizabeth Harrell,mcdonaldcharles@example.org,2026-05-23,VIP
128,Veronica Coffey,christopher60@example.com,2025-10-18,PREMIUM
129,Jacob Curry,brenda51@example.net,2024-07-05,PREMIUM
130,Manuel Hahn,rose31@example.net,2025-06-28,REGULAR
131,Elizabeth Ortiz,brandonjohnson@example.com,2024-01-04,VIP
132,Stephen Taylor,vwatson@example.net,2025-10-24,PREMIUM
133,Patrick Moore,fpena@example.net,2025-04-01,VIP
134,Diana Vaughn,scottsampson@example.com,2023-12-09,VIP
135,Mrs. Stephanie Newman,sandersjames@example.org,2025-06-13,VIP
136,Daniel Fowler,williamsmatthew@example.org,2025-12-01,REGULAR
137,Ronald Spencer,lisahall@example.org,2026-01-18,REGULAR
138,Scott Thomas,amberlindsey@example.org,2026-04-29,REGULAR
139,Bonnie Howard,briannasmith@example.com,2023-09-27,VIP
140,Jason Wilson,alvarezkimberly@example.net,2026-01-15,VIP
141,Jonathan Dougherty,acostaregina@example.net,2025-09-25,REGULAR
142,Mason Johnson,bboone@example.net,2023-12-22,VIP
143,Theodore Jones Jr.,cameronhill@example.net,2026-01-02,PREMIUM
144,Erika Vang,shawn96@example.org,2026-07-02,REGULAR
145,Matthew Rich,russellbeasley@example.com,2024-12-15,PREMIUM
146,Jennifer Blair,ronald45@example.org,2026-06-08,PREMIUM
147,Andrea Decker,reynoldsjulie@example.com,2024-01-26,VIP
148,Laurie Hoffman,elizabeth65@example.net,2025-04-25,PREMIUM
149,Michelle Schmitt,michael98example.org,2024-03-04,REGULAR
150,Courtney Rodriguez,danny49@example.org,2025-05-04,REGULAR
151,Vanessa Cardenas,lynchdiane@example.net,2024-08-26,VIP
152,Donald Farmer,michael22@example.net,2026-04-24,PREMIUM
153,Charles Schultz,davisalyssa@example.com,2025-04-20,REGULAR
154,Christopher Collins,kimberly99@example.org,2023-09-27,REGULAR
155,Paul Williams,nelsonebony@example.com,2026-02-05,VIP
156,Donald Fischer,reeddaniel@example.net,2026-05-26,VIP
157,Kelsey Parker,randallgreene@example.org,2024-05-20,VIP
158,Daniel Taylor,keith10@example.com,2025-05-06,VIP
159,James Padilla,charles06@example.org,2025-06-21,PREMIUM
160,Shannon Johnston,amckinney@example.com,2024-01-02,REGULAR
161,Vincent Jackson,xcollier@example.org,2025-05-16,REGULAR
162,Dana Chapman,fosterkyle@example.com,2024-06-16,REGULAR
163,Christopher Dixon,schmidtjames@example.com,2025-01-03,REGULAR
164,Sabrina Briggs,curtisscott@example.org,2026-01-28,VIP
165,Peter Jones,kmarshall@example.net,2025-06-04,PREMIUM
166,Sonia Day,michelle52@example.com,2023-10-22,VIP
167,Mark Hogan,bellcharles@example.com,2025-06-09,VIP
168,Jacob Mitchell,gilbertwilliam@example.com,2025-12-25,REGULAR
169,Rebecca Huang,kstout@example.net,2024-04-25,PREMIUM
170,John Hernandez,hayeslisaexample.com,2023-11-16,REGULAR
171,Carrie Wright,hritter@example.net,2026-02-09,VIP
172,Jake Campbell,rschroeder@example.net,2023-09-27,REGULAR
173,Maria Jones,grantpaul@example.com,2026-04-22,VIP
174,Lindsey Hernandez,aguilardonaldexample.com,2024-10-31,VIP
175,Melissa Myers,collinsnicholas@example.com,2024-01-22,VIP
176,Sandra Rodgers,lucasrodney@example.com,2023-08-05,VIP
177,Christopher Lewis,ilee@example.org,2023-11-04,PREMIUM
178,Richard Romero,stanleynancy@example.net,2024-01-27,REGULAR
179,Brittany White,jenniferwilliams@example.com,2026-05-23,REGULAR
180,Tracy Bishop,pyoung@example.com,2025-07-05,REGULAR
181,Cheyenne Gregory,smurray@example.com,2025-08-27,REGULAR
182,Tracy Montoya,moniquewilliams@example.com,2025-02-03,VIP
183,Ashley Singleton,mitchellkathryn@example.com,2025-06-04,VIP
184,Brittany Kim,lisawilkerson@example.org,2025-04-12,PREMIUM
185,Jonathan Young,brooksanthony@example.org,2026-04-12,VIP
186,Charles Johnson,ihorton@example.net,2025-07-05,REGULAR
187,Aaron Miller,jason28@example.net,2026-02-07,REGULAR
188,Ashley Roberts,david36@example.net,2026-03-01,REGULAR
189,Brian Stein,chenbailey@example.net,2024-02-16,PREMIUM
190,Aaron Gomez,qlopez@example.org,2025-09-28,PREMIUM
191,Andrea Fox,myerstheodore@example.net,2025-02-27,VIP
192,Mrs. Alexis Kramer,john19@example.net,2024-12-05,PREMIUM
193,Harold Morgan,mariacohen@example.net,2025-07-20,VIP
194,Robin Brown,mjohnson@example.org,2024-05-12,REGULAR
195,Emily Collins,ihays@example.com,2024-08-04,REGULAR
196,Matthew Mitchell,glennmartin@example.org,2025-01-29,PREMIUM
197,James Gonzales,lmorgan@example.com,2026-06-17,REGULAR
198,Tim Stone PhD,mmiller@example.org,2025-11-01,VIP
199,Brian Murphy,kirk96@example.org,2026-06-13,PREMIUM
200,Jeremy Acosta,christina64@example.net,2023-10-05,REGULAR
201,Mark Cox,stephaniethomas@example.net,2026-05-26,PREMIUM
202,Amanda Jones,michael90@example.net,2024-03-02,VIP
203,Tiffany Watson,berryalyssa@example.com,2024-11-07,VIP
204,Danielle Wilson,victorhughes@example.net,2024-01-06,REGULAR
205,David Griffin,heather73@example.org,2024-02-03,PREMIUM
206,Jodi Roach,zosborn@example.net,2024-11-15,PREMIUM
207,Michelle Pierce,patricia22@example.com,2025-09-05,VIP
208,William Conner,kristyjohnson@example.net,2025-12-13,VIP
209,Robert Arnold,jonesraymond@example.net,2025-07-20,PREMIUM
210,Patricia Morrow,martinezlogan@example.org,2025-06-06,VIP
211,Joseph Anderson,katrinaanderson@example.net,2023-10-02,VIP
212,Kelly Torres,marcusfletcher@example.com,2025-09-21,REGULAR
213,Sarah King,david49@example.net,2023-11-30,REGULAR
214,Caroline David,georgeweber@example.net,2024-12-13,VIP
215,Kristy Bryan,millerstacy@example.net,2024-08-22,VIP
216,Pamela Butler,jimenezcourtney@example.com,2026-03-31,REGULAR
217,Karen Ballard,eevans@example.net,2023-10-09,REGULAR
218,Jason Marshall,catherine55@example.net,2024-12-25,PREMIUM
219,Bianca Wood,floressteven@example.com,2025-06-05,VIP
220,Brent Roberts,alin@example.org,2024-03-12,VIP
221,Taylor Griffith,kathrynjimenez@example.net,2025-07-02,VIP
222,Mr. Alexander Landry MD,jasongomez@example.org,2024-09-17,PREMIUM
223,Stephen Pena MD,booneryan@example.com,2025-01-26,VIP
224,Holly Morales,michaelroberts@example.com,2025-08-29,REGULAR
225,Joshua Bryan,andersoncolin@example.com,2024-12-15,VIP
226,Holly Thomas,cporter@example.org,2024-02-05,VIP
227,Regina Stone,catherinerobertson@example.com,2026-02-14,REGULAR
228,James Jensen,brittney88@example.net,2025-08-06,PREMIUM
229,Elizabeth Cabrera,mark16@example.net,2024-10-27,REGULAR
230,Molly Watts,carlsonjoseph@example.net,2025-12-22,REGULAR
231,Mikayla Silva,alexandriagriffith@example.com,2024-02-22,VIP
232,Dana Armstrong,leescott@example.com,2024-02-28,PREMIUM
233,Damon Shaw,vsalas@example.net,2023-10-12,PREMIUM
234,Kelly Hoffman,ufox@example.org,2025-06-21,VIP
235,Gloria Gomez,chelsea33@example.com,2025-11-20,VIP
236,Todd Hendrix,janet75@example.com,2024-12-30,REGULAR
237,Taylor Griffith,david86@example.com,2024-12-25,VIP
238,Regina Roberts,stephanie15@example.com,2026-04-22,PREMIUM
239,John Harris,sarah42@example.org,2026-02-18,REGULAR
240,Cynthia Williams,danawilliams@example.com,2024-12-02,REGULAR
241,Ashlee Townsend,oconnelltiffany@example.org,2025-03-31,REGULAR
242,Shirley Alvarez,katelynmitchell@example.com,2026-04-06,REGULAR
243,Randy Pearson,amandasharp@example.org,2024-04-04,VIP
244,Ryan Peck,osbornrandy@example.com,2024-04-22,REGULAR
245,Tonya Howe,smithashley@example.org,2024-12-09,VIP
246,William Daniels,ismall@example.net,2025-07-04,VIP
247,Robert Rivera,twong@example.org,2023-07-29,PREMIUM
248,Rachel Bradley,gregorychase@example.com,2025-05-02,REGULAR
249,Angie Caldwell,tinawoods@example.org,2023-07-18,REGULAR
250,David Molina,kevin90@example.com,2026-04-18,REGULAR
251,David Contreras,zparker@example.net,2025-08-26,REGULAR
252,Stacy Carrillo,fowlershelia@example.com,2026-02-16,VIP
253,Tyler Mendoza,madkins@example.com,2025-04-13,REGULAR
254,Susan Todd,kathleenbecker@example.net,2023-11-12,REGULAR
255,Kelsey Cox,brownamy@example.net,2024-05-17,PREMIUM
256,Brittany Murphy,nwilson@example.net,2025-12-29,VIP
257,Steven Griffin Jr.,williambryant@example.org,2025-11-22,PREMIUM
258,Robert Cummings,ascott@example.net,2024-06-10,VIP
259,Amber Cooper,weaverbrian@example.org,2025-07-10,PREMIUM
260,Jason Mack,ybrooks@example.com,2025-02-13,VIP
261,Michael Stanley,desireebailey@example.org,2025-10-19,REGULAR
262,Cameron Irwin,avilatiffany@example.com,2026-05-19,PREMIUM
263,Jessica Gray,johnreed@example.com,2024-04-25,REGULAR
264,Molly Rodriguez,bmendez@example.org,2024-05-23,PREMIUM
265,Kirk Griffin,sanchezbradley@example.com,2024-07-06,VIP
266,Nicole Parsons,williamroberts@example.net,2025-12-18,REGULAR
267,Kyle Chambers,joel28@example.org,2025-04-10,REGULAR
268,Antonio Fry,conniesimmons@example.com,2023-09-18,REGULAR
269,Teresa Powers,heather62@example.com,2025-02-11,PREMIUM
270,Joshua Allen,kevinzimmerman@example.com,2023-10-05,REGULAR
271,Tracy Grant,paulscott@example.com,2026-04-07,REGULAR
272,Jerry Watson,brettbennett@example.net,2026-01-29,REGULAR
273,Benjamin Ballard,timothybooth@example.com,2024-10-20,REGULAR
274,Alexis Giles,burgesskaren@example.org,2026-06-22,PREMIUM
275,Christine Herman,kimberly67@example.net,2026-04-10,PREMIUM
276,Dennis Hunt,zowens@example.net,2025-07-06,PREMIUM
277,Erica Harris,robert93@example.net,2024-02-19,VIP
278,Juan Silva,mphillips@example.com,2024-06-29,REGULAR
279,Roy Porter,jonathan77@example.com,2024-03-25,VIP
280,Heather Taylor,iwhite@example.net,2023-10-07,REGULAR
281,Sara Jones,duranrobert@example.net,2024-07-01,PREMIUM
282,Chris Robinson,nbrooks@example.net,2026-05-08,PREMIUM
283,Susan Hopkins,smithandrea@example.org,2023-08-02,VIP
284,Denise Madden,shawheidi@example.com,2024-04-11,VIP
285,Brent Hernandez,christineking@example.com,2024-08-26,PREMIUM
286,Angela Chung,scunningham@example.org,2024-10-15,PREMIUM
287,Sarah Valdez,davisnicholas@example.net,2025-07-16,PREMIUM
288,Adam Jackson,pbruce@example.com,2025-12-03,VIP
289,Valerie Jacobson,hallrachel@example.net,2025-12-04,VIP
290,Anthony Jones,rachel90@example.org,2024-11-07,PREMIUM
291,Daniel Thomas,thickman@example.org,2025-11-30,VIP
292,Ruben Price,patrick21@example.net,2024-12-26,PREMIUM
293,Jeffrey Roberson,cassie99@example.com,2024-11-26,VIP
294,Donald Riddle,jperez@example.com,2025-05-08,VIP
295,Kevin James,lauren11@example.com,2024-03-03,PREMIUM
296,Richard Moore,gstewart@example.org,2023-07-16,PREMIUM
297,Jill Juarez,andersonjacob@example.com,2025-11-19,REGULAR
298,Jennifer Johnson,angela99@example.com,2025-02-25,PREMIUM
299,Jason Maxwell,ashleyjackson@example.com,2024-03-27,PREMIUM
300,Eric Snyder,jacksonjoshua@example.com,2025-07-29,PREMIUM
301,Heather Raymond,mwheeler@example.com,2023-12-21,REGULAR
302,Adam Foster,vbrock@example.com,2024-12-08,VIP
303,Rodney Curtis,kevinmorrison@example.net,2024-05-15,PREMIUM
304,Christopher Sanders,kelly79@example.org,2024-11-25,REGULAR
305,Robert Long,frederickjames@example.net,2024-04-12,VIP
306,Krista Benton,nhahn@example.com,2024-10-02,REGULAR
307,Andrea Abbott,ichambers@example.net,2024-10-20,REGULAR
308,Matthew Espinoza,mjones@example.com,2025-12-28,VIP
309,Jonathon Knapp,ystephens@example.com,2026-07-01,REGULAR
310,Kimberly Little,rodriguezjohn@example.net,2025-01-09,REGULAR
311,Lonnie Hart,vrasmussen@example.com,2023-12-19,REGULAR
312,David Dixon,seanmyers@example.net,2026-01-07,PREMIUM
313,Brittany Cuevas,agarcia@example.org,2024-01-04,REGULAR
314,Monica Bailey,stanley38@example.com,2024-12-30,VIP
315,Jeffrey Horton,carlos01@example.org,2024-12-21,REGULAR
316,Megan Martin,zacharyarnold@example.com,2025-11-23,REGULAR
317,Joel Salinas,jacobsandoval@example.com,2023-08-22,PREMIUM
318,Sonya Cole,tprice@example.org,2024-05-22,PREMIUM
319,Michael Flynn,lloydamanda@example.com,2024-11-25,VIP
320,Brian Lambert,orose@example.com,2026-01-20,VIP
321,James Wilson,megan92@example.net,2024-10-12,VIP
322,Leslie Powers,david41@example.org,2025-02-06,VIP
323,Kayla Barnes,baileyhenderson@example.com,2026-03-21,VIP
324,Tamara Arias,angelaburns@example.org,2024-04-23,REGULAR
325,Jerry Brown,stephanie72@example.org,2025-02-23,VIP
326,Kathy Simpson,cperry@example.com,2024-03-23,PREMIUM
327,Andre Juarez,antonio38@example.com,2024-03-25,VIP
328,Krystal Barton,hdunn@example.net,2024-01-01,VIP
329,Joshua Ritter,wolfscott@example.org,2025-04-28,REGULAR
330,Ronald Potter,nancy07@example.com,2024-12-30,PREMIUM
331,Angie Grimes,rowejoel@example.net,2026-01-06,PREMIUM
332,Shannon Bishop,imartin@example.org,2024-05-24,PREMIUM
333,Laura Patel,mariopadilla@example.com,2025-12-13,PREMIUM
334,Scott Duke,taylorkaren@example.com,2023-10-08,VIP
335,Sharon Martinez DVM,dustinmorris@example.org,2026-05-23,PREMIUM
336,Charles Chen,ebrooks@example.net,2023-11-29,VIP
337,Paul Neal,shawn75@example.net,2023-07-11,PREMIUM
338,Sarah Davis,sreid@example.com,2023-10-14,VIP
339,Jennifer Donaldson,troymorris@example.com,2024-12-13,PREMIUM
340,Bianca Phelps,patricia00@example.org,2026-03-06,REGULAR
341,Julia Martinez,scottsmith@example.com,2024-05-17,PREMIUM
342,Susan Khan MD,clarence54@example.org,2025-02-04,PREMIUM
343,Mariah Williams,jessica36@example.net,2023-11-26,VIP
344,April Woods,brittneystone@example.com,2023-07-22,REGULAR
345,Greg Martinez,ebenson@example.org,2024-06-27,PREMIUM
346,Nicholas Garcia,michael42@example.com,2024-01-30,REGULAR
347,Megan Jones,bishopfrank@example.com,2024-06-02,PREMIUM
348,Brittany Jenkins,fheath@example.org,2024-02-10,VIP
349,Leah Cruz,iedwards@example.org,2024-09-10,PREMIUM
350,Danielle Burke,kimberly04@example.org,2025-09-19,VIP
351,Chelsea Myers,bowerslaura@example.org,2025-08-14,REGULAR
352,David Little,ricetiffany@example.com,2024-11-10,PREMIUM
353,Scott Carroll,amy27@example.org,2023-08-02,REGULAR
354,Alexis Lewis,fryraymond@example.com,2026-03-10,VIP
355,Pamela Henderson,imiller@example.net,2026-02-18,PREMIUM
356,Bradley Miller,terrimoore@example.com,2025-03-05,REGULAR
357,Pamela Santos,collinssamuel@example.org,2023-10-05,PREMIUM
358,Tim Wilson,parkerjudith@example.net,2024-04-05,PREMIUM
359,Michael Miles,tylerreed@example.net,2024-08-13,PREMIUM
360,Cameron Norman,jessica10@example.com,2025-05-04,VIP
361,Austin Joseph,crawfordwilliam@example.org,2025-08-22,VIP
362,Carol Moore,shannonemily@example.org,2024-06-26,PREMIUM
363,April Trevino,sanchezthomas@example.com,2024-02-26,PREMIUM
364,Tyler Johnson,pwalker@example.com,2024-11-16,REGULAR
365,Blake Watson,whitelinda@example.org,2025-03-21,REGULAR
366,John Campbell,mark87@example.org,2025-01-31,VIP
367,Justin Torres,stevenvargas@example.com,2024-05-06,VIP
368,Kimberly Flynn,adamortiz@example.org,2025-10-26,REGULAR
369,Ryan Wiley,aaron64@example.org,2024-05-21,PREMIUM
370,Cynthia Vasquez,kaufmandouglas@example.com,2023-11-29,VIP
371,David Bruce,xhaynes@example.com,2023-11-16,REGULAR
372,Kathy Walsh,kjones@example.org,2025-05-13,PREMIUM
373,Bianca Carter,sara65@example.com,2025-06-10,REGULAR
374,Benjamin Harris,moorefrank@example.com,2024-11-06,VIP
375,Joshua Oconnell,shannonford@example.org,2023-11-25,PREMIUM
376,Michael Mckenzie,lewismelissa@example.org,2023-11-26,REGULAR
377,Tracy Foster,byrdjorge@example.org,2023-08-25,VIP
378,Sarah Hawkins,codygarcia@example.org,2024-01-12,VIP
379,Ronald Haas,jamesmorales@example.net,2026-03-13,PREMIUM
380,Angela Willis,johnsoncaleb@example.net,2025-05-26,REGULAR
381,Anna Boone,david70@example.org,2025-12-15,PREMIUM
382,Nathaniel Crawford,lvega@example.com,2024-06-05,PREMIUM
383,Denise Griffin,austinharvey@example.org,2026-04-08,REGULAR
384,Jason Pierce,millerpatrick@example.com,2024-05-12,PREMIUM
385,Rebecca Wright,mayokimberly@example.com,2025-07-22,REGULAR
386,Kari Durham,paul20@example.com,2026-01-20,REGULAR
387,Steven Osborne,stokesthomas@example.com,2025-12-31,VIP
388,Dr. Ariel Sandoval MD,gallagherstacie@example.net,2025-03-02,REGULAR
389,Ryan Bruce,joelstewart@example.net,2026-06-25,PREMIUM
390,Kevin Warner,stacey92@example.net,2024-04-25,REGULAR
391,Rita Waller,gregory01@example.org,2024-07-03,PREMIUM
392,Alicia Woods,samantha32@example.com,2024-04-08,VIP
393,Sarah Morris,hernandezjanet@example.org,2023-12-27,VIP
394,Shannon Yu,janet69@example.org,2024-12-11,PREMIUM
395,Chad Moore,fconner@example.net,2024-11-11,VIP
396,Wayne Steele,jeffrey92@example.com,2024-10-26,PREMIUM
397,Elizabeth Thompson,rushstacy@example.com,2025-12-05,REGULAR
398,Lance Mccall,daniellegarcia@example.com,2024-02-11,VIP
399,Blake Reed,gary15@example.com,2023-07-25,REGULAR
400,David Jones,kristin00@example.com,2025-05-18,PREMIUM
401,Tracy Wilkerson,wmacias@example.net,2025-02-10,REGULAR
402,John Shields,franciscojones@example.org,2024-10-08,VIP
403,Dean Garcia,george62@example.net,2023-11-01,REGULAR
404,Stephanie Davis,bbush@example.net,2024-03-20,VIP
405,Jessica Brown,jamie36@example.net,2025-11-14,PREMIUM
406,Monica Baker,kenneth10@example.com,2025-12-12,PREMIUM
407,Katherine Brown,pattersonkelly@example.net,2026-03-05,VIP
408,Christina Johnson,daniellerowland@example.com,2024-01-03,REGULAR
409,James Burns,christopher86@example.org,2025-02-03,PREMIUM
410,Jaclyn Griffin,scott43@example.com,2025-11-30,VIP
411,Paul Contreras,barnettlindsey@example.com,2026-01-09,REGULAR
412,Antonio Hughes,rsheppard@example.com,2025-12-13,VIP
413,Karen Miller,shawrachel@example.net,2026-05-25,REGULAR
414,Mrs. Tiffany Cole,teresastokes@example.org,2023-09-12,REGULAR
415,William Graham,maryscott@example.net,2023-10-20,REGULAR
416,Justin Arnold,april09@example.net,2025-09-26,VIP
417,Ashley Hernandez,buckleyanna@example.org,2024-09-24,VIP
418,Sheryl Humphrey,patrick79@example.net,2025-07-11,PREMIUM
419,Donald Thomas,vwilliams@example.net,2024-07-11,VIP
420,John Adams,andrew44@example.com,2025-08-09,PREMIUM
421,Melinda Compton,dennismccann@example.com,2024-11-17,VIP
422,Jason Brewer,scottmcintyre@example.com,2025-07-29,PREMIUM
423,Sharon Nicholson,cameronmckinney@example.com,2024-02-03,REGULAR
424,Kelly Carroll,jameswhitaker@example.org,2024-07-29,VIP
425,Anthony Ward,joshuacolon@example.net,2025-03-15,PREMIUM
426,Becky Johnson,tracy72@example.com,2026-01-04,REGULAR
427,Hailey Monroe,kaitlyn14@example.org,2025-02-27,VIP
428,Scott Chan,mercedesholland@example.net,2024-05-24,REGULAR
429,Jason Smith,wellsdavid@example.org,2026-01-26,VIP
430,Courtney Franklin,jennifer46@example.com,2024-12-30,VIP
431,Daniel Turner,asilva@example.net,2026-05-01,REGULAR
432,Sara Hoffman,kenneth17@example.org,2024-12-11,VIP
433,Margaret Hensley MD,jacob83@example.org,2026-01-25,PREMIUM
434,Francisco Taylor,rioswhitney@example.com,2025-04-18,VIP
435,Norman Aguilar,matthewreeves@example.net,2025-10-15,PREMIUM
436,Karen Shepard,william28@example.org,2024-10-06,PREMIUM
437,Carl Green,staceylam@example.net,2023-11-23,PREMIUM
438,Daniel Savage,vfrench@example.com,2024-08-15,REGULAR
439,Julie Wilson,delacruzbrandy@example.net,2023-10-26,PREMIUM
440,Cory Wilson,amoreno@example.org,2024-02-27,PREMIUM
441,Curtis Ortiz,tthomas@example.org,2023-11-10,PREMIUM
442,Mr. Christopher Walters,hayesjason@example.org,2025-12-19,VIP
443,Katherine Gallagher,andersonryan@example.com,2025-03-25,REGULAR
444,John Smith,jessicadodson@example.com,2025-10-09,PREMIUM
445,Michael Sims,jeremywiley@example.com,2024-01-24,PREMIUM
446,Jonathan Torres,colonkenneth@example.com,2025-06-15,REGULAR
447,Linda Morgan,matthewvalenzuela@example.com,2024-04-25,VIP
448,Terry Burnett,perezjessica@example.org,2024-05-31,REGULAR
449,Leah Jackson,jennifer06@example.net,2024-08-08,PREMIUM
450,Lisa Wheeler,stanleydesiree@example.org,2023-09-20,PREMIUM
451,Jennifer James,thomas23@example.net,2026-06-07,REGULAR
452,Elizabeth Stanley,cindy26@example.org,2025-09-09,VIP
453,Autumn Wilson,jimenezchelsea@example.com,2025-09-27,PREMIUM
454,Heather Ortiz,benjamincrawford@example.org,2026-06-11,VIP
455,Erin Smith,meadowsmary@example.net,2025-08-13,REGULAR
456,Brandon Hunt,conwaydawn@example.com,2024-10-09,VIP
457,Anthony Li,phelpsmichael@example.net,2024-11-04,VIP
458,Brian York,smithdevon@,2024-03-28,VIP
459,Steven Friedman,natalie15@example.com,2024-04-17,REGULAR
460,James Bryant,evaughn@example.com,2026-04-10,REGULAR
461,Carol Anderson,jarvismegan@example.org,2025-04-14,REGULAR
462,Karen Carroll,ywhite@example.com,2026-02-11,REGULAR
463,Michael Roberson,timothyfreeman@example.com,2025-05-22,VIP
464,Dennis Edwards,tiffanysantiago@example.com,2025-09-21,VIP
465,Mercedes Davis,timothyalvarado@example.net,2025-02-24,PREMIUM
466,Ronald Mcclain,smithsarah@example.net,2025-07-06,REGULAR
467,Sheila Jones,vflores@example.com,2023-09-24,REGULAR
468,Krista Gray,christianwallace@example.net,2025-06-03,VIP
469,Jonathan Stewart,bmcgee@example.org,2025-03-25,REGULAR
470,Justin Smith,connersylvia@example.net,2024-10-23,PREMIUM
471,Kristina Pena,xclements@example.org,2024-06-18,PREMIUM
472,Evelyn Saunders,xmoran@example.net,2025-06-09,VIP
473,Peter Walker,michael48@example.net,2025-02-07,REGULAR
474,Amber Martin,lydianewton@example.com,2023-12-21,PREMIUM
475,Craig Martinez,ylewis@example.org,2024-12-13,VIP
476,Jason House,bartonshannon@example.net,2026-01-08,PREMIUM
477,Brandy Porter,tranryan@example.net,2025-07-27,PREMIUM
478,Priscilla Kent,jessicaanderson@example.com,2026-04-24,PREMIUM
479,Sonya Gordon,mbarnes@example.net,2024-07-27,VIP
480,Victor Waller,iballard@example.com,2026-01-28,PREMIUM
481,Nicole Evans,jennifer83@example.org,2024-05-28,VIP
482,Donna Reed,tinasantos@example.org,2025-08-28,PREMIUM
483,Mallory Page,anna99@example.net,2025-04-16,PREMIUM
484,Stephanie Ferguson,hstokes@example.org,2023-08-16,VIP
485,Anthony Brown,karen24@example.net,2024-07-31,PREMIUM
486,Antonio Mueller,karenjohnson@example.com,2023-12-14,VIP
487,Megan Hoffman,juliahoffman@example.org,2025-09-08,VIP
488,Rebecca Roberts,housepaul@example.net,2024-11-04,PREMIUM
489,Amy Manning,christinenorman@example.com,2024-06-22,REGULAR
490,Michele Holland,kimberlybrandt@example.com,2025-06-04,VIP
491,Michael Lopez,jillwilson@example.org,2025-05-03,REGULAR
492,Dennis Martin,adam72@example.org,2024-03-02,PREMIUM
493,Linda Ayala,tracy98example.com,2023-10-29,PREMIUM
494,Emily Robinson,abigailhartman@example.org,2025-04-14,PREMIUM
495,Jennifer Bailey,elizabethrivera@example.com,2024-06-11,REGULAR
496,Lisa Wells,wilsonmichael@example.org,2026-03-31,PREMIUM
497,Lisa Haley,patrick16@example.com,2025-10-24,VIP
498,Allison Black,willie87@example.com,2023-09-14,REGULAR
499,Matthew Flores,vaughangary@example.net,2025-10-13,VIP
500,Austin Santiago,michellecoleman@example.org,2024-05-22,PREMIUM
