order_item_id,order_id,product_id,quantity,unit_price,discount_percent
1,332,104,2,7746.6,66.07
2,154,357,4,5118.81,35.93
3,44,454,4,1291.56,19.31
4,369,304,2,691.34,54.06
5,158,256,5,6531.87,96.66
6,9,19,3,6344.67,4.28
7,61,109,5,5489.01,87.43
8,77,380,5,761.86,73.55
9,251,335,1,7360.55,4.58
10,360,333,-2,5134.76,90.47
11,421,407,1,1531.38,59.1
12,419,419,1,4840.82,61.56
13,33,412,2,6529.86,98.22
14,348,206,3,5535.89,54.59
15,165,429,2,4826.06,33.55
16,62,141,2,1510.8,36.99
17,85,225,2,517.45,10.0
18,434,324,5,1430.48,87.96
19,42,4,1,895.3,65.18
20,455,146,4,6379.48,47.6
21,65,106,2,4280.08,41.2
22,481,90,5,4850.92,71.72
23,314,487,1,6304.15,34.79
24,3,286,2,7895.51,97.68
25,317,186,5,3820.88,62.65
26,107,142,1,6413.58,68.52
27,496,467,4,1446.12,92.27
28,28,331,3,3590.44,33.43
29,413,456,4,5975.25,92.49
30,91,81,1,1105.31,89.51
31,370,228,5,3468.72,74.71
32,460,167,2,2743.83,9.81
33,378,212,2,1921.17,47.1
34,249,28,4,7437.52,45.5
35,199,192,2,1714.41,35.86
36,139,104,3,5599.24,5.97
37,70,57,4,1535.37,34.36
38,454,152,5,6397.61,95.28
39,464,88,5,6869.03,8.65
40,439,268,4,1888.25,47.35
41,237,143,1,5942.2,24.67
42,168,223,5,7434.34,94.63
43,468,294,1,544.95,99.13
44,376,394,5,4342.75,47.93
45,409,357,1,2075.99,55.85
46,7,355,4,1235.15,29.58
47,332,47,1,2577.73,70.33
48,440,293,-5,3747.76,77.18
49,448,361,4,6998.1,62.68
50,361,325,1,751.45,89.34
51,171,272,1,6072.53,69.81
52,314,278,5,6344.0,8.1
53,451,172,1,7298.03,36.4
54,27,57,4,5029.24,36.56
55,90,332,5,4573.91,77.36
56,71,172,2,5262.5,73.74
57,386,298,2,6134.91,32.05
58,460,137,5,2361.73,6.34
59,177,232,4,6670.57,47.02
60,273,348,5,3725.43,36.81
61,345,485,1,7095.04,8.73
62,201,460,2,7661.69,10.94
63,142,58,2,7024.95,52.07
64,322,12,3,5522.75,93.17
65,243,178,4,5228.54,29.15
66,33,12,2,4253.04,33.59
67,297,176,3,5393.67,53.02
68,281,228,4,1229.24,78.93
69,88,405,3,3100.84,28.81
70,433,25,2,3756.23,16.64
71,474,83,5,7791.01,83.93
72,355,464,2,1111.96,99.38
73,295,65,4,1639.07,56.25
74,18,341,3,1353.96,44.84
75,500,84,5,7379.39,40.46
76,256,394,2,7436.93,15.61
77,497,379,5,2783.99,70.55
78,243,459,3,6082.46,99.41
79,342,76,5,7393.88,33.87
80,58,375,4,1287.5,55.1
81,158,13,4,1918.85,35.74
82,168,29,5,4750.77,22.21
83,480,393,3,852.0,84.95
84,347,344,1,3276.5,49.05
85,309,310,5,7285.89,36.11
86,76,367,4,3108.08,28.47
87,180,158,4,883.27,72.79
88,228,380,4,2451.35,80.57
89,497,460,4,3430.71,83.55
90,307,45,2,3901.98,86.75
91,172,34,5,889.9,40.95
92,469,140,4,3804.54,56.79
93,469,71,2,3177.8,55.39
94,22,422,3,2570.53,55.93
95,238,115,1,1401.39,30.02
96,328,428,4,5394.13,28.77
97,92,252,-2,6164.8,49.31
98,497,35,5,4732.31,56.56
99,445,133,4,6582.59,37.32
100,376,295,1,1470.21,5.85
101,164,237,2,612.53,36.12
102,326,467,3,2474.98,63.89
103,40,264,2,1629.33,9.45
104,386,86,5,2666.44,84.5
105,410,155,3,5569.1,9.58
106,297,181,-2,4241.73,37.3
107,249,211,3,1471.63,21.79
108,258,114,2,4557.51,68.97
109,488,270,5,5677.67,80.26
110,214,236,1,1223.61,1.74
111,179,160,3,3647.12,98.76
112,268,391,3,2576.54,74.45
113,61,114,2,1310.4,22.66
114,65,108,2,3513.48,76.3
115,58,40,1,6107.21,4.25
116,56,17,5,3858.84,90.85
117,23,34,3,6085.49,78.24
118,472,309,2,1760.19,67.06
119,15,47,2,7546.39,94.88
120,179,181,2,6290.26,61.3
121,259,292,1,4709.44,1.4
122,112,367,2,1539.83,75.4
123,3,499,1,7379.72,85.13
124,244,188,5,5453.5,10.73
125,428,182,4,4211.16,40.76
126,390,161,1,4253.88,49.58
127,185,361,3,516.75,32.81
128,60,198,3,5942.16,68.7
129,431,228,2,2466.6,85.54
130,97,439,1,6459.0,93.91
131,189,92,1,4034.86,10.52
132,225,268,1,3279.53,69.5
133,53,380,2,7806.62,33.86
134,305,433,4,6737.25,72.52
135,143,392,5,6099.16,80.1
136,483,205,3,4904.69,40.44
137,249,262,3,3746.15,12.22
138,251,255,2,1249.95,9.96
139,28,426,1,408.64,17.91
140,310,348,3,5051.34,9.63
141,40,339,5,6383.31,20.19
142,339,255,4,4431.02,80.95
143,277,280,1,446.47,43.04
144,469,61,4,6852.42,44.26
145,19,17,2,6910.81,30.3
146,362,85,4,2637.19,38.91
147,392,57,5,5348.61,68.54
148,293,241,4,1419.23,5.57
149,135,254,5,5012.13,35.28
150,146,165,-1,551.92,83.69
151,179,415,-5,7152.47,34.13
152,50,220,3,3413.05,5.64
153,126,127,2,4821.75,91.04
154,34,445,3,1524.28,53.84
155,20,236,4,7231.0,26.66
156,357,241,-5,2668.81,57.04
157,166,294,1,980.44,67.51
158,173,255,5,5405.62,16.66
159,154,187,4,5156.46,97.41
160,39,431,5,2268.21,29.73
161,294,206,2,7671.94,71.77
162,297,49,5,724.7,80.12
163,244,219,2,797.96,82.37
164,259,412,3,4411.59,20.01
165,206,129,5,5438.17,54.76
166,452,10,5,4699.38,21.3
167,493,422,4,5175.83,80.89
168,437,394,4,5867.6,5.99
169,103,187,4,1373.69,68.53
170,154,433,4,6909.45,91.11
171,325,105,4,2438.95,16.06
172,352,308,2,1085.76,19.19
173,126,409,3,4566.64,43.61
174,332,464,1,2327.15,2.91
175,405,412,3,1572.68,85.25
176,494,370,4,631.55,89.65
177,161,309,3,7224.48,40.7
178,187,344,1,6750.52,84.28
179,121,58,5,7476.9,52.2
180,425,298,5,7099.61,23.81
181,63,396,3,4757.74,39.0
182,384,381,2,1900.47,10.68
183,110,497,3,2183.59,58.95
184,252,274,3,1081.1,54.57
185,244,350,2,7059.58,93.7
186,186,244,3,364.38,96.68
187,311,18,1,6352.66,23.97
188,283,197,3,5664.81,90.32
189,351,63,5,6889.65,38.85
190,466,492,4,7359.83,30.09
191,480,422,2,6903.45,16.02
192,225,324,3,6180.58,40.63
193,18,141,1,7535.86,47.11
194,212,475,3,7038.74,82.02
195,423,83,3,2944.48,60.21
196,417,281,3,413.34,5.21
197,329,95,4,1261.52,40.07
198,322,157,3,1064.46,24.96
199,366,497,2,5548.88,79.26
200,164,232,4,1241.38,17.35
201,304,424,3,1749.58,41.45
202,94,202,4,7097.86,22.45
203,486,12,5,5087.69,90.68
204,499,237,2,6844.28,4.98
205,317,220,5,894.68,36.79
206,485,291,-1,4301.53,77.34
207,476,233,4,5765.8,19.05
208,442,417,3,4054.51,13.02
209,439,106,5,6627.89,72.67
210,97,215,2,1338.35,29.02
211,135,121,5,2136.88,58.29
212,332,235,-1,1239.0,32.32
213,355,204,2,5725.93,73.61
214,132,38,1,606.48,93.11
215,242,466,3,7526.71,96.72
216,307,364,-1,4135.43,38.09
217,203,344,3,7159.36,4.11
218,92,134,2,7456.55,87.79
219,68,46,3,3576.85,26.04
220,161,23,2,7792.3,28.1
221,185,475,4,7040.1,61.29
222,390,475,3,3599.05,16.5
223,378,252,2,7398.25,63.67
224,226,28,2,1992.91,3.59
225,134,84,4,7962.57,92.72
226,21,227,3,4574.67,45.78
227,58,434,2,929.91,86.82
228,93,428,2,6616.06,56.32
229,340,300,2,7778.69,52.6
230,293,93,4,2120.03,49.81
231,49,455,-3,5514.24,68.06
232,202,192,5,1027.35,32.35
233,15,42,4,5344.41,45.41
234,490,138,5,2769.53,4.38
235,319,487,4,5906.05,73.43
236,491,409,5,6933.57,80.16
237,145,166,1,4467.82,60.23
238,48,205,3,7727.38,86.55
239,46,11,2,6280.04,28.49
240,386,489,2,4028.59,43.24
241,413,472,3,4907.41,35.9
242,50,427,3,4019.06,88.54
243,244,138,5,903.73,42.25
244,189,315,2,3522.93,4.04
245,175,499,4,5251.36,71.36
246,477,254,5,4292.49,29.07
247,224,41,4,7876.65,68.43
248,154,431,2,2504.76,4.77
249,40,470,1,4183.08,41.3
250,238,339,5,2972.57,58.56
251,394,258,1,5360.31,17.96
252,94,432,4,3446.76,70.44
253,161,301,4,3709.59,80.78
254,175,495,2,810.12,98.22
255,133,447,1,339.74,39.49
256,7,88,4,3359.71,65.77
257,382,309,4,6542.43,61.67
258,354,345,4,883.55,13.51
259,98,58,1,1668.12,2.68
260,247,333,2,3599.15,62.61
261,405,276,2,6203.82,14.82
262,217,12,1,1388.89,70.26
263,494,249,-4,3706.23,24.26
264,151,292,4,261.42,63.04
265,366,222,4,5949.21,59.58
266,284,149,1,3991.59,59.1
267,314,479,4,673.5,1.9
268,296,162,5,7164.44,41.71
269,243,60,4,5240.2,44.83
270,224,11,2,1699.17,34.38
271,119,260,2,5542.8,92.17
272,437,432,4,2488.47,71.14
273,492,214,3,6438.09,84.45
274,319,107,3,872.3,48.29
275,89,103,2,987.05,41.6
276,253,156,2,566.98,1.81
277,452,134,3,1562.78,85.95
278,258,17,1,1088.96,22.67
279,288,115,4,2854.53,35.52
280,24,395,5,1379.19,69.01
281,264,310,1,7427.73,43.78
282,235,493,1,6296.89,60.97
283,440,486,1,527.36,10.54
284,323,61,2,1424.85,29.21
285,227,391,5,6989.84,15.43
286,187,172,2,1774.74,96.96
287,394,394,1,6511.33,34.13
288,259,88,1,5778.56,41.5
289,323,341,2,6077.36,42.17
290,117,71,4,3392.61,45.88
291,437,265,3,3652.11,77.02
292,368,413,5,861.27,31.48
293,396,85,4,6121.7,66.02
294,329,78,5,5126.54,71.34
295,339,449,5,3470.58,88.58
296,359,284,3,2646.82,34.42
297,424,144,5,1345.52,40.39
298,330,106,5,5021.86,44.21
299,177,455,4,7071.6,8.43
300,276,172,4,5972.41,12.6
301,277,146,2,4503.93,52.13
302,388,326,-2,7144.49,53.99
303,133,124,3,7898.25,11.04
304,31,431,3,4158.5,12.38
305,388,334,1,4665.0,0.52
306,174,121,5,7175.84,62.77
307,274,433,5,2533.77,66.69
308,418,367,5,5771.94,51.97
309,127,54,3,1701.93,77.85
310,233,51,2,6661.81,8.19
311,32,218,2,3680.08,36.93
312,270,207,5,6274.83,87.2
313,300,256,4,5574.34,94.78
314,375,499,4,1325.9,12.71
315,365,235,2,4202.85,52.91
316,356,109,4,6022.67,94.41
317,190,472,1,3387.23,12.09
318,293,149,1,1118.39,30.49
319,192,156,3,6371.39,14.21
320,302,216,1,2580.28,28.35
321,94,420,-4,4470.79,6.76
322,23,214,4,4612.96,90.03
323,401,194,4,6702.73,13.28
324,71,259,4,5404.32,14.9
325,373,167,1,5383.12,40.96
326,120,461,4,557.39,67.04
327,227,377,3,6954.44,70.72
328,293,323,3,1165.5,55.94
329,99,490,5,6109.4,95.73
330,268,97,4,345.58,65.83
331,273,93,1,1805.28,82.97
332,430,455,5,6493.98,60.69
333,206,302,1,7484.02,34.0
334,93,213,1,2675.58,25.72
335,59,51,5,1323.47,25.56
336,46,79,3,5493.15,5.89
337,493,167,-2,656.31,38.99
338,164,73,4,2211.89,94.16
339,461,62,1,6066.64,58.6
340,253,261,5,1097.63,6.06
341,238,284,4,425.47,63.35
342,468,454,1,7715.1,67.51
343,127,391,5,1179.46,56.82
344,229,43,5,7749.71,37.33
345,87,401,2,3505.27,91.15
346,232,22,1,7696.69,62.07
347,335,498,-2,7481.35,48.22
348,307,129,4,6771.02,21.28
349,431,262,3,5965.63,56.31
350,154,46,4,6677.89,72.51
351,144,450,4,4137.6,80.21
352,453,350,3,7841.19,70.78
353,140,126,3,3786.43,59.95
354,9,468,2,215.97,47.65
355,462,5,2,7183.09,70.33
356,391,202,5,7038.42,65.13
357,276,16,4,2953.36,81.28
358,424,308,3,6745.34,81.19
359,5,64,4,1705.33,0.94
360,381,11,3,5731.74,19.15
361,418,315,3,1924.95,98.01
362,496,186,1,7255.16,70.7
363,108,4,2,5179.8,11.09
364,143,292,5,4503.92,65.98
365,290,345,5,709.81,12.82
366,34,66,3,6872.74,88.1
367,374,401,3,5488.23,99.2
368,355,348,5,5509.31,88.31
369,2,481,4,7555.98,5.19
370,481,166,4,3373.63,12.17
371,266,239,4,6120.37,88.38
372,115,25,3,4352.8,31.62
373,201,100,3,4660.19,2.54
374,378,116,4,7352.56,19.69
375,169,160,1,954.46,48.0
376,414,13,5,7493.47,84.05
377,127,56,4,2858.26,5.44
378,171,267,2,6250.85,61.96
379,392,49,4,867.17,6.07
380,18,194,3,5608.24,78.26
381,32,471,4,4963.76,43.18
382,53,347,1,2500.35,38.15
383,50,317,4,4876.69,65.97
384,6,233,4,3539.22,62.02
385,52,174,1,2759.91,19.25
386,53,7,5,4824.51,84.08
387,464,294,2,2199.03,42.1
388,372,318,4,1273.85,4.41
389,66,160,5,7685.98,75.44
390,160,299,5,1349.79,30.87
391,176,150,3,4237.91,65.77
392,75,30,2,6714.36,85.87
393,217,177,2,5196.33,20.13
394,36,175,2,5619.3,98.19
395,308,355,3,4615.56,33.57
396,154,215,3,3743.56,78.92
397,22,254,2,5182.38,69.32
398,239,320,2,5929.77,95.26
399,170,414,4,1637.11,98.99
400,186,6,1,4526.59,14.24
401,226,100,5,3007.29,97.53
402,102,102,3,7105.98,71.88
403,174,434,5,1728.7,17.61
404,135,467,-1,5484.13,37.89
405,404,454,1,1839.85,45.62
406,190,415,3,7541.06,97.71
407,320,452,4,709.94,14.44
408,474,67,2,3149.93,37.43
409,307,220,2,6152.04,58.73
410,438,275,3,2755.91,5.33
411,408,144,2,7753.4,88.58
412,108,373,1,6369.78,61.49
413,86,261,4,5231.56,50.92
414,256,266,4,5757.4,52.55
415,248,367,4,4733.26,63.81
416,405,299,1,7180.1,45.21
417,121,203,2,7131.93,57.14
418,479,432,3,861.12,75.16
419,152,228,5,4754.91,46.53
420,319,173,4,3573.54,36.75
421,255,163,3,1600.61,23.38
422,331,39,3,2497.24,50.18
423,280,330,1,7427.53,9.84
424,37,185,1,2803.31,67.51
425,129,155,3,4911.47,13.79
426,438,386,5,266.56,29.95
427,422,178,4,6610.52,75.78
428,7,242,5,7621.61,86.55
429,117,117,2,4223.44,78.6
430,388,240,4,869.83,84.58
431,220,395,4,3709.78,55.84
432,192,72,5,2583.46,73.78
433,256,415,3,3469.35,68.58
434,207,391,5,4778.25,56.76
435,17,473,2,7630.57,33.03
436,323,410,5,4676.25,39.09
437,196,105,4,3214.18,47.48
438,169,292,4,2576.23,17.14
439,346,284,2,5574.39,48.86
440,96,102,1,3209.97,20.59
441,150,338,5,648.13,51.85
442,88,168,4,7918.84,12.91
443,215,245,1,7247.98,20.65
444,446,106,3,5735.44,47.48
445,310,295,3,4119.31,68.48
446,142,104,1,3676.71,82.46
447,310,414,2,7300.36,87.92
448,236,237,5,910.6,64.63
449,471,234,3,5750.85,29.74
450,314,422,2,1600.71,61.77
451,222,235,4,1630.87,56.86
452,202,358,1,6990.21,27.38
453,322,276,3,720.6,72.65
454,462,112,4,6142.51,12.12
455,189,40,1,6280.18,41.01
456,85,130,2,3804.91,7.32
457,356,346,4,6018.47,85.58
458,204,20,1,5730.98,13.65
459,344,384,4,732.25,54.84
460,125,366,4,6599.33,84.16
461,88,430,1,1582.45,12.42
462,380,201,2,6155.99,67.74
463,79,226,3,5772.42,89.27
464,273,111,4,6724.71,81.15
465,329,340,1,2604.93,5.24
466,3,25,4,7444.8,37.46
467,123,103,-1,417.96,1.46
468,421,99,1,7081.83,79.69
469,426,341,2,543.3,51.25
470,418,168,3,1678.47,20.71
471,278,203,4,1867.48,35.66
472,89,8,4,293.45,21.28
473,113,34,3,3078.04,6.73
474,112,211,3,4096.69,99.05
475,365,275,5,7680.47,59.99
476,324,357,4,7784.46,69.37
477,171,90,3,5397.69,6.75
478,10,312,5,4186.0,74.18
479,258,301,1,5007.52,89.68
480,159,122,4,5034.18,5.99
481,192,256,3,3130.83,64.2
482,122,473,5,3661.06,87.73
483,69,143,3,6131.85,52.09
484,213,332,3,1986.28,73.29
485,176,125,2,7271.73,66.5
486,128,411,2,3175.59,32.16
487,227,323,1,4034.81,95.37
488,27,325,2,1179.38,17.37
489,282,426,2,809.68,72.5
490,160,85,2,1576.2,24.9
491,147,296,4,1770.93,86.24
492,247,41,3,1508.58,44.14
493,259,313,4,6592.91,79.36
494,11,391,4,849.22,90.65
495,154,305,5,5867.86,25.73
496,238,157,4,4584.71,48.08
497,171,70,4,7345.83,0.42
498,442,257,3,7420.39,94.03
499,497,381,3,2600.92,98.75
500,37,210,1,1170.92,93.21
501,84,100,4,6215.91,75.16
502,179,261,4,3071.81,5.77
503,198,475,4,2090.35,3.45
504,417,186,1,5233.6,26.13
505,234,484,2,4896.76,95.18
506,431,83,1,919.99,71.16
507,197,204,5,826.72,90.99
508,449,217,2,2172.4,30.22
509,496,273,4,5924.68,75.25
510,474,373,1,4666.37,79.75
511,417,74,3,7454.13,39.8
512,158,4,2,212.31,6.98
513,357,214,5,2449.05,43.09
514,91,192,2,1744.56,18.2
515,486,57,4,1858.07,20.09
516,384,94,2,7237.73,40.88
517,321,468,5,5164.18,7.98
518,44,194,1,2868.78,58.56
519,245,249,-1,2275.43,95.52
520,341,299,1,4274.21,0.73
521,309,267,3,3891.21,33.7
522,220,173,3,2876.0,31.52
523,123,482,3,3151.8,5.72
524,183,448,3,224.06,87.05
525,206,372,-2,1158.58,53.06
526,487,359,2,5023.14,65.89
527,244,264,4,224.41,63.81
528,483,417,-3,3009.6,4.58
529,414,377,3,2021.76,48.45
530,379,314,1,7524.86,94.15
531,244,338,1,2492.13,19.51
532,74,446,5,6321.92,71.67
533,17,66,4,2550.52,67.31
534,281,448,4,3681.04,11.57
535,340,277,2,1529.38,94.42
536,359,46,1,5782.97,16.02
537,476,168,4,1918.93,25.76
538,244,488,1,7397.34,63.35
539,252,47,3,7467.88,76.63
540,308,34,3,5796.05,73.6
541,196,335,5,3608.31,23.34
542,133,60,3,895.29,74.06
543,480,97,1,1193.86,31.34
544,195,296,1,4802.47,18.99
545,199,217,3,6420.64,93.39
546,65,267,5,1031.37,0.92
547,437,236,3,7554.54,83.72
548,256,349,4,2410.46,74.71
549,435,411,1,2609.35,99.03
550,64,141,5,6663.76,49.5
551,361,495,4,6519.64,15.27
552,367,108,2,610.02,86.54
553,92,439,4,2532.99,81.5
554,468,435,2,4473.95,33.74
555,348,243,3,3250.29,52.78
556,145,145,2,4474.48,9.73
557,166,386,5,622.16,93.46
558,156,235,2,3646.69,48.24
559,460,75,2,6037.38,73.53
560,5,186,5,6326.89,85.84
561,193,487,4,1512.14,5.63
562,183,499,4,609.28,98.03
563,333,174,5,1358.83,72.26
564,126,18,1,4011.28,68.8
565,489,89,4,7931.08,67.07
566,46,399,4,5272.43,27.52
567,335,228,-3,1109.7,12.21
568,329,343,5,4777.43,98.73
569,246,141,1,1612.55,48.42
570,331,360,4,1176.84,32.52
571,366,466,5,6540.37,1.97
572,285,419,5,4334.68,6.39
573,429,300,5,6362.53,12.41
574,386,107,1,4873.0,17.99
575,285,229,3,1204.76,20.62
576,83,45,5,6073.94,8.46
577,64,260,3,4446.53,42.31
578,484,337,1,560.1,94.58
579,464,401,3,3670.38,57.71
580,356,161,5,7975.02,60.62
581,262,108,1,548.94,3.67
582,73,154,2,4896.73,21.6
583,184,143,2,3491.72,54.98
584,134,196,2,849.38,25.42
585,218,482,2,750.35,73.27
586,325,357,2,4596.41,64.78
587,262,310,2,1397.23,99.24
588,223,195,1,2130.48,27.01
589,273,57,5,2768.99,8.9
590,466,171,3,6425.16,27.36
591,51,194,2,1019.02,92.56
592,90,270,3,6493.03,9.55
593,179,359,5,4502.03,60.75
594,460,25,2,6064.61,18.07
595,413,380,5,7079.76,40.27
596,304,66,-3,4205.81,15.55
597,65,74,4,2285.49,91.84
598,328,499,3,2143.07,60.87
599,362,235,2,2961.21,46.87
600,147,142,4,5804.04,92.38
601,118,157,1,3370.82,31.27
602,47,325,1,2072.29,9.36
603,295,30,1,4522.45,49.29
604,448,6,4,7473.04,13.64
605,255,264,5,3362.68,61.63
606,467,426,1,5680.22,74.97
607,126,379,5,530.38,44.87
608,87,346,5,1563.55,36.71
609,69,264,3,3497.23,37.91
610,192,497,1,5496.69,83.17
611,436,393,1,3968.37,26.48
612,2,378,5,7399.84,92.91
613,492,330,5,476.35,46.31
614,317,435,4,245.95,46.04
615,153,182,-1,7143.53,18.62
616,182,5,1,1740.85,52.91
617,461,79,4,4001.81,15.56
618,337,129,2,3119.61,36.45
619,457,94,5,1047.82,43.86
620,430,225,2,6027.31,0.58
621,453,446,2,2422.22,13.37
622,216,381,3,1450.44,19.9
623,246,492,3,4014.73,49.56
624,350,366,2,6162.26,88.18
625,257,372,4,7669.89,79.27
626,65,80,3,6185.6,23.65
627,348,425,3,4857.28,0.8
628,246,149,3,6135.02,24.77
629,79,374,5,2392.88,11.5
630,135,359,2,3547.44,47.39
631,401,415,1,4118.2,18.12
632,438,303,2,1231.91,3.84
633,99,476,2,5008.45,9.09
634,27,195,4,5661.24,98.01
635,114,173,4,4176.94,64.39
636,156,57,3,7555.39,71.16
637,127,164,1,204.18,66.04
638,165,109,3,7286.16,10.08
639,95,130,4,2573.98,9.69
640,7,350,5,1216.4,36.06
641,415,186,5,3098.42,65.02
642,108,300,4,1029.65,62.96
643,309,62,1,7314.98,65.44
644,98,99,4,784.06,54.66
645,176,155,4,1775.59,72.08
646,23,66,2,5750.5,89.16
647,389,437,5,7180.32,44.85
648,368,61,4,3468.23,93.13
649,258,405,1,2338.36,96.75
650,149,24,5,7785.3,19.02
651,418,204,4,6987.99,97.15
652,85,225,5,6279.1,40.08
653,140,106,-2,4660.8,59.21
654,5,451,5,5720.48,52.51
655,156,437,2,2294.41,11.91
656,115,24,5,504.91,14.81
657,453,143,2,6366.85,64.24
658,128,422,2,210.92,34.75
659,310,498,3,7582.14,88.4
660,136,370,2,4969.56,32.46
661,30,321,1,1910.38,96.52
662,91,132,1,7834.35,77.82
663,400,299,1,5567.3,94.57
664,132,446,5,6571.41,22.06
665,138,105,5,6894.13,39.55
666,229,119,4,7236.91,9.37
667,93,236,2,1573.66,56.97
668,483,374,2,364.17,16.29
669,91,419,4,1665.21,14.35
670,219,126,4,7769.01,10.02
671,270,71,1,3147.43,2.07
672,424,7,1,6206.92,26.77
673,481,322,-5,7737.61,95.76
674,55,278,3,862.73,13.92
675,389,289,4,2597.6,47.89
676,125,29,5,5094.39,12.31
677,423,23,1,1000.02,88.65
678,213,73,1,387.21,42.71
679,76,181,3,7056.12,38.47
680,453,367,1,7927.99,22.45
681,490,490,3,5002.43,11.84
682,473,474,1,4915.15,17.81
683,272,172,5,3516.91,89.31
684,352,155,5,2917.41,10.39
685,470,256,3,6523.61,71.13
686,40,404,1,7828.79,77.78
687,76,164,2,5826.48,78.55
688,245,418,1,3534.13,72.67
689,75,47,3,1618.6,38.5
690,164,254,4,7788.22,60.17
691,326,171,2,5300.84,24.59
692,215,282,4,4042.29,53.62
693,118,197,1,3490.36,57.79
694,356,416,2,2034.51,0.29
695,436,9,3,7669.4,92.09
696,31,467,3,6824.77,77.86
697,72,151,4,6855.84,97.18
698,468,216,2,1951.78,74.7
699,61,493,2,405.51,96.49
700,191,28,1,775.41,83.74
701,446,81,1,1301.96,24.5
702,7,292,4,1622.91,74.36
703,384,271,3,5835.95,44.4
704,331,356,1,1415.92,88.12
705,17,310,2,284.77,83.27
706,349,486,4,6670.24,91.92
707,257,157,2,1423.04,97.31
708,268,194,2,3323.14,5.6
709,201,95,5,802.23,69.24
710,245,161,4,1485.63,80.33
711,332,218,2,1014.32,36.27
712,399,434,-3,2401.21,54.16
713,34,109,-5,7295.56,18.77
714,104,327,1,863.31,57.01
715,23,289,4,2653.73,94.35
716,5,183,3,4101.69,31.45
717,201,372,3,5680.72,9.74
718,209,460,5,6498.46,15.02
719,301,408,4,6976.74,3.74
720,83,78,4,5082.43,95.28
721,119,453,2,5302.92,76.88
722,83,494,5,5884.02,65.14
723,477,394,3,1223.34,29.08
724,320,439,4,5759.55,68.29
725,123,107,5,7672.52,56.69
726,255,50,1,6989.57,54.71
727,497,409,1,3747.5,16.97
728,152,83,1,3033.96,8.92
729,92,364,4,3891.44,25.6
730,449,227,2,7779.11,48.83
731,187,440,3,6884.61,91.71
732,67,226,3,5072.13,31.36
733,43,350,4,2250.05,87.55
734,350,22,5,645.06,79.06
735,359,421,-5,6853.87,29.07
736,82,292,4,1939.8,87.42
737,343,48,3,5211.38,90.01
738,239,56,1,1045.12,95.95
739,204,394,4,2764.02,31.73
740,310,249,2,3914.51,27.84
741,20,280,2,1335.01,21.35
742,291,17,5,686.72,80.85
743,405,221,4,1849.64,2.29
744,389,351,4,5158.36,8.36
745,36,141,4,7015.45,45.14
746,215,269,2,2223.69,83.05
747,48,459,4,6074.77,16.45
748,179,483,4,4376.95,78.39
749,495,357,4,5604.63,38.91
750,6,288,5,5837.24,57.85
751,75,166,-3,7192.71,93.38
752,256,443,3,7765.81,40.64
753,267,370,1,7557.93,85.73
754,325,231,5,1905.26,97.9
755,216,357,5,4887.36,21.61
756,108,488,2,4699.32,1.44
757,417,187,1,2594.33,81.91
758,64,359,4,3756.78,41.04
759,181,425,5,7797.75,33.58
760,475,91,4,1579.78,59.49
761,278,224,4,5344.92,68.03
762,325,146,5,7265.89,9.92
763,45,413,1,328.13,93.25
764,54,255,5,977.68,44.41
765,298,413,1,6843.3,21.19
766,398,233,5,1725.37,46.96
767,64,180,4,6599.26,70.38
768,380,203,1,6301.13,50.76
769,138,451,3,7240.85,90.93
770,345,124,1,3433.54,1.55
771,79,405,3,4247.91,74.12
772,163,172,2,7944.07,24.18
773,499,201,2,3267.88,5.16
774,478,296,4,5162.93,97.74
775,89,207,3,3611.73,9.96
776,411,65,5,4700.08,39.2
777,391,322,3,1440.61,32.24
778,48,48,1,5105.37,59.33
779,15,317,5,814.43,38.24
780,381,376,2,5148.81,77.76
781,96,123,2,4376.25,24.53
782,400,414,4,5342.21,27.5
783,479,74,1,4718.97,10.34
784,236,475,5,1306.32,26.2
785,93,48,1,3018.9,83.83
786,201,52,4,3427.21,48.65
787,321,40,2,3126.98,31.36
788,466,231,2,279.09,17.87
789,291,324,5,1114.22,34.28
790,178,248,5,239.11,52.17
791,131,475,1,430.53,2.3
792,263,390,2,3046.15,89.86
793,16,168,2,5876.4,93.98
794,138,141,4,917.36,70.81
795,334,151,4,4067.25,51.27
796,205,473,2,1743.44,84.6
797,368,144,4,6386.6,58.76
798,85,407,2,4005.09,88.29
799,217,306,3,5058.71,60.73
800,220,103,5,7203.58,81.93
801,231,86,1,2173.9,40.98
802,310,424,5,433.53,17.99
803,166,220,2,766.59,65.7
804,191,75,3,2685.0,1.09
805,169,110,4,2708.18,23.26
806,34,198,3,4312.65,10.29
807,143,367,5,6497.93,67.13
808,294,458,4,3594.6,81.34
809,102,101,1,4089.48,99.03
810,216,62,1,4891.16,59.12
811,122,296,1,5220.6,85.61
812,3,467,4,6764.81,40.28
813,459,274,5,5229.25,6.95
814,49,425,4,2342.45,75.37
815,205,41,5,4051.79,4.71
816,153,357,4,5200.56,91.05
817,432,192,5,1947.31,82.55
818,72,54,3,5849.18,22.63
819,46,98,3,4392.96,0.49
820,353,445,1,6322.56,11.08
821,485,156,1,5565.79,79.16
822,195,139,2,4750.93,11.99
823,164,442,2,7124.83,96.58
824,212,327,4,4269.76,24.05
825,245,339,4,2710.91,73.09
826,116,48,3,5748.77,35.3
827,428,447,2,5935.09,20.59
828,40,39,4,302.4,21.61
829,420,198,2,2855.51,81.4
830,390,271,5,6131.81,31.18
831,233,336,2,1024.15,13.01
832,470,187,4,6969.3,51.35
833,400,205,2,3500.13,68.63
834,488,446,5,1348.86,87.62
835,382,57,-2,3794.61,26.68
836,244,339,5,2271.51,92.69
837,44,182,4,3296.04,43.08
838,171,28,4,962.94,64.86
839,375,476,4,1677.71,17.66
840,142,272,5,3581.81,68.12
841,331,128,1,614.47,3.57
842,137,123,1,2348.58,88.26
843,359,367,4,990.17,73.39
844,451,355,3,1534.03,20.36
845,327,148,5,224.23,18.51
846,465,359,5,2581.53,90.67
847,123,88,3,1499.83,33.22
848,234,73,1,3537.8,2.08
849,499,136,1,6130.03,0.97
850,181,497,4,4008.8,24.75
851,57,24,1,7925.22,83.54
852,269,258,2,6247.0,10.0
853,412,377,3,5931.56,98.98
854,132,340,4,3778.26,82.77
855,155,364,3,6241.31,85.7
856,462,432,5,2305.51,51.93
857,328,11,2,6878.87,65.94
858,73,183,4,4705.16,69.58
859,221,185,2,1711.97,95.48
860,328,56,3,5494.65,89.92
861,231,491,5,7300.55,34.88
862,170,201,5,7952.76,30.93
863,22,297,5,6706.54,12.3
864,408,233,5,6380.26,28.84
865,497,5,4,1347.62,68.09
866,268,495,3,5381.7,30.36
867,148,34,-3,519.43,28.3
868,304,64,1,239.7,35.23
869,428,1,1,2931.7,28.33
870,440,258,5,870.83,27.07
871,376,101,4,829.6,21.89
872,243,478,3,5492.3,38.62
873,205,496,1,7377.51,59.7
874,89,289,4,2715.34,57.82
875,350,394,2,3447.24,19.95
876,157,44,3,5100.89,54.58
877,193,401,4,4307.26,69.41
878,258,479,3,3535.82,42.05
879,211,237,1,406.09,76.68
880,46,387,2,2558.64,24.26
881,263,192,2,7219.32,87.78
882,28,387,4,5426.62,46.28
883,391,448,5,623.9,5.47
884,425,333,1,959.71,29.06
885,247,354,3,1147.25,58.46
886,262,379,1,4226.86,56.2
887,496,254,2,5470.31,85.23
888,155,322,3,7504.94,80.56
889,320,353,2,200.28,60.38
890,62,267,1,1008.13,2.47
891,259,228,4,1150.13,40.46
892,95,420,2,4464.41,82.17
893,349,225,5,1340.72,2.17
894,73,420,2,5984.98,54.67
895,244,246,3,980.15,58.88
896,189,342,3,5641.69,10.73
897,214,417,4,2410.69,12.01
898,200,6,5,5231.85,89.32
899,318,228,1,2966.87,13.93
900,452,371,4,7857.68,35.77
901,439,441,5,7239.89,52.51
902,263,33,2,2944.56,71.92
903,174,236,2,6148.34,30.29
904,202,35,4,3879.67,65.9
905,295,363,5,4298.38,12.94
906,166,302,5,5016.31,40.38
907,24,16,2,5389.04,49.94
908,348,244,3,7854.36,80.86
909,376,408,2,7069.89,72.82
910,197,387,4,683.03,25.05
911,20,434,1,3119.71,63.13
912,16,473,2,5650.06,37.76
913,327,294,5,2169.46,43.75
914,147,116,2,3585.69,52.85
915,405,99,1,5107.1,66.87
916,105,18,2,3004.58,40.8
917,280,443,1,5522.42,95.77
918,373,329,5,6692.74,57.04
919,243,257,3,7218.09,85.34
920,411,35,4,3133.72,7.09
921,41,66,5,1119.83,23.06
922,308,277,-3,6606.36,28.99
923,425,129,4,730.03,87.15
924,496,148,1,2082.91,51.78
925,313,257,3,641.86,69.75
926,57,299,4,7882.48,65.32
927,17,174,4,2809.42,76.47
928,72,105,5,2770.95,75.73
929,468,450,1,768.71,94.8
930,464,313,1,751.95,41.62
931,379,314,1,3934.42,12.95
932,371,22,1,4159.31,65.03
933,221,245,3,7036.31,22.78
934,477,29,1,6528.63,53.42
935,441,195,1,606.7,76.57
936,357,65,4,4486.45,11.56
937,61,460,5,3068.13,19.36
938,224,471,1,917.53,1.0
939,212,383,5,7929.32,1.49
940,369,128,1,1188.38,18.06
941,23,161,3,7145.31,99.81
942,67,311,4,1154.54,7.68
943,129,481,5,5700.99,81.34
944,460,469,2,2561.21,36.69
945,283,150,2,2286.77,69.78
946,258,54,1,3404.5,95.06
947,249,144,1,1269.63,97.59
948,119,157,5,3104.64,81.64
949,73,19,2,5269.28,45.38
950,59,11,4,2308.33,58.82
951,154,424,1,6865.68,38.39
952,10,442,4,546.44,20.57
953,95,338,4,5351.14,3.13
954,391,179,1,6084.93,33.62
955,425,465,3,4809.48,75.73
956,175,372,5,3534.88,72.92
957,377,386,1,4515.69,95.25
958,478,348,3,7516.21,46.35
959,294,369,5,2228.79,96.03
960,240,382,2,318.43,79.96
961,487,141,1,6216.45,29.58
962,293,203,1,3021.22,65.92
963,401,335,-5,2593.78,66.08
964,429,136,2,334.68,0.89
965,19,495,3,6785.74,21.78
966,30,297,1,4960.56,31.4
967,33,226,2,6336.54,25.95
968,254,66,2,1345.83,61.79
969,26,120,1,1637.19,50.67
970,226,297,3,5795.39,6.08
971,366,133,-3,6790.46,84.94
972,277,368,1,2927.89,7.75
973,228,58,5,1791.53,57.04
974,425,422,4,3526.51,28.31
975,13,168,5,2812.89,40.81
976,334,192,4,2493.69,3.12
977,189,23,3,7312.61,2.55
978,312,109,3,6290.82,50.82
979,298,365,3,3154.95,58.27
980,337,372,2,7983.0,7.84
981,40,491,2,7982.94,63.03
982,376,215,5,6811.24,52.78
983,27,311,4,4258.62,31.69
984,100,429,5,2103.43,24.31
985,394,186,2,6035.87,11.54
986,124,228,4,2945.48,50.56
987,469,186,4,3701.95,41.89
988,292,424,2,2110.56,90.93
989,346,300,2,6407.68,34.16
990,61,42,4,7869.33,57.6
991,324,452,2,7035.96,1.55
992,62,215,3,5748.78,46.99
993,52,65,1,386.67,16.69
994,38,68,5,7365.26,90.43
995,182,66,4,2083.19,29.34
996,173,460,3,5009.71,99.41
997,24,38,3,7303.26,63.08
998,380,428,4,3921.43,13.46
999,94,371,5,7505.65,8.38
1000,459,4,5,5456.48,45.35
